ARKK,TSLA
ARKK,ROKU
ARKK,CRSP
ARKK,SQ
ARKK,TDOC
ARKK,NVTA
ARKK,Z
ARKK,EDIT
ARKK,PRLB
ARKK,PSTG
ARKK,SPOT
ARKK,IOVA
ARKK,TWLO
ARKK,NTLA
ARKK,BIDU
ARKK,EXAS
ARKK,TWST
ARKK,SHOP
ARKK,PYPL
ARKK,DOCU
ARKK,TREE
ARKK,MTLS
ARKK,TWOU
ARKK,PD
ARKK,TSM
ARKK,ICE
ARKK,BEKE
ARKK,VCYT
ARKK,ZM
ARKK,NTDOY
ARKK,U
ARKK,MCRB
ARKK,PACB
ARKK,TCEHY
ARKK,IRDM
ARKK,SPLK
ARKK,SNPS
ARKK,SE
ARKK,NSTG
ARKK,PINS
ARKK,SSYS
ARKK,CGEN
ARKK,CERS
ARKK,HUYA
ARKK,SYRS
ARKK,ONVO
ARKK,XONE
ARKW,TSLA
ARKW,ROKU
ARKW,SQ
ARKW,GBTC
ARKW,TDOC
ARKW,SPOT
ARKW,PSTG
ARKW,TCEHY
ARKW,FB
ARKW,SNAP
ARKW,PINS
ARKW,PYPL
ARKW,SE
ARKW,SHOP
ARKW,NFLX
ARKW,U
ARKW,FSLY
ARKW,Z
ARKW,PD
ARKW,TWLO
ARKW,ICE
ARKW,TREE
ARKW,HUYA
ARKW,VCYT
ARKW,BEKE
ARKW,TWOU
ARKW,DOCU
ARKW,MELI
ARKW,OPEN
ARKW,NTDOY
ARKW,PTON
ARKW,ZM
ARKW,BABA
ARKW,TTD
ARKW,API
ARKW,JD
ARKW,AAPL
ARKW,HUBS
ARKW,NET
ARKW,SPLK
ARKW,NVDA
ARKW,CRWD
ARKW,ADBE
ARKW,ADYEY
ARKW,TEAM
ARKW,TSM
ARKW,CRM
ARKW,OKTA
ARKW,SNPS
ARKW,BIDU
ARKW,LC
ARKW,NNDM
ARKW,PLTR
ARKQ,TSLA
ARKQ,MTLS
ARKQ,TRMB
ARKQ,DE
ARKQ,FLIR
ARKQ,GOOG
ARKQ,JD
ARKQ,KTOS
ARKQ,BIDU
ARKQ,IRDM
ARKQ,TSM
ARKQ,NXPI
ARKQ,TWOU
ARKQ,PRLB
ARKQ,NNDM
ARKQ,CAT
ARKQ,BYDDY
ARKQ,KMTUY
ARKQ,WKHS
ARKQ,AVAV
ARKQ,SSYS
ARKQ,SPCE
ARKQ,SNPS
ARKQ,SPLK
ARKQ,TER
ARKQ,NIU
ARKQ,XLNX
ARKQ,ANSS
ARKQ,ISRG
ARKQ,AMZN
ARKQ,TCEHY
ARKQ,AAPL
ARKQ,ESLT
ARKQ,ADSK
ARKQ,RAVN
ARKQ,NVDA
ARKQ,ROK
ARKQ,XONE
ARKQ,MGA
ARKQ,HON
ARKQ,ONVO
ARKF,SQ
ARKF,MELI
ARKF,Z
ARKF,ICE
ARKF,TCEHY
ARKF,PINS
ARKF,ADYEN
ARKF,PYPL
ARKF,SE
ARKF,BABA
ARKF,3690
ARKF,AMZN
ARKF,TWLO
ARKF,TREE
ARKF,SNAP
ARKF,SI
ARKF,LSPD
ARKF,AAPL
ARKF,DOCU
ARKF,SHOP
ARKF,FB
ARKF,WDAY
ARKF,4689
ARKF,SPLK
ARKF,6060
ARKF,INTU
ARKF,PDD
ARKF,GWRE
ARKF,TSM
ARKF,SCHW
ARKF,DSY
ARKF,JD
ARKF,OPEN
ARKF,BEKE
ARKF,TCS
ARKF,TDOC
ARKF,NVDA
ARKF,4477
ARKF,9923
ARKF,HDB
ARKF,LC
ARKF,VRSK
ARKF,MKTX
ARKF,KSPI
ARKF,6618
ARKF,8473
ARKG,PACB
ARKG,CRSP
ARKG,TDOC
ARKG,TWST
ARKG,CDNA
ARKG,IOVA
ARKG,EXAS
ARKG,NVTA
ARKG,FATE
ARKG,PSNL
ARKG,RHHBY
ARKG,REGN
ARKG,NVS
ARKG,PSTG
ARKG,VRTX
ARKG,ARCT
ARKG,CLLS
ARKG,GOOGL
ARKG,TAK
ARKG,INCY
ARKG,CSTL
ARKG,EDIT
ARKG,IONS
ARKG,BLI
ARKG,NTLA
ARKG,SDGR
ARKG,VCYT
ARKG,ACCD
ARKG,BEAM
ARKG,MCRB
ARKG,ADPT
ARKG,CDXS
ARKG,TMO
ARKG,VEEV
ARKG,AQB
ARKG,TXG
ARKG,CGEN
ARKG,PHR
ARKG,NSTG
ARKG,GH
ARKG,CERS
ARKG,SRPT
ARKG,SYRS
ARKG,LGVW
ARKG,PSTI
ARKG,MASS
ARKG,SURF
ARKG,EVGN
ARKG,RPTX
ARKG,ONVO
PRNT,AM3D
PRNT,DDD
PRNT,HPQ
PRNT,SSYS
PRNT,PTC
PRNT,MTLS
PRNT,RSW
PRNT,TRMB
PRNT,STMN
PRNT,ALTR
PRNT,PRLB
PRNT,ALMDG
PRNT,ADSK
PRNT,DSY
PRNT,ANSS
PRNT,MSFT
PRNT,XONE
PRNT,ALGN
PRNT,HEXAB
PRNT,AME
PRNT,FARO
PRNT,KALU
PRNT,GE
PRNT,AJRD
PRNT,OERL
PRNT,ARNC
PRNT,UCTT
PRNT,BDT
PRNT,ML
PRNT,MOG/A
PRNT,LECO
PRNT,SIE
PRNT,SYK
PRNT,MDT
PRNT,NUVA
PRNT,UPS
PRNT,ATI
PRNT,CRS
PRNT,HXL
PRNT,SGL
PRNT,SAND
PRNT,VOE
PRNT,3402
PRNT,EVK
PRNT,DD
PRNT,EMN
PRNT,HEN3
PRNT,XRX
PRNT,MMM
PRNT,AKE
PRNT,DSM
IZRL,PERI
IZRL,ONE
IZRL,FTAL
IZRL,GMDA
IZRL,RADA
IZRL,CYBR
IZRL,PTNR
IZRL,DANE
IZRL,ITRN
IZRL,TSEM
IZRL,SSYS
IZRL,GILT
IZRL,FVRR
IZRL,CEL
IZRL,NVMI
IZRL,TARO
IZRL,NICE
IZRL,CAMT
IZRL,INMD
IZRL,SILC
IZRL,RDWR
IZRL,ESLT
IZRL,HLAN
IZRL,CRNT
IZRL,CHKP
IZRL,ALLT
IZRL,TEVA
IZRL,SPNS
IZRL,MTRX
IZRL,WIX
IZRL,PYPD
IZRL,RDHL
IZRL,BATM
IZRL,AUDC
IZRL,KMDA
IZRL,AYLA
IZRL,BEZQ
IZRL,URGN
IZRL,CGEN
IZRL,PSTI
IZRL,BVXV
