https://www.tipranks.com/investors/1028784,AMZN
https://www.tipranks.com/investors/1028784,AAPL
https://www.tipranks.com/investors/1028784,ASML
https://www.tipranks.com/investors/1028784,ADSK
https://www.tipranks.com/investors/1028784,DXCM
https://www.tipranks.com/investors/1028784,FTNT
https://www.tipranks.com/investors/1028784,LULU
https://www.tipranks.com/investors/1028784,MASI
https://www.tipranks.com/investors/1028784,MSFT
https://www.tipranks.com/investors/1028784,NVDA
https://www.tipranks.com/investors/1028784,ODFL
https://www.tipranks.com/investors/1028784,TSLA
https://www.tipranks.com/investors/1028784,DIS
https://www.tipranks.com/investors/1028784,NOW
https://www.tipranks.com/investors/1028784,FIVN
https://www.tipranks.com/investors/1028784,JD
https://www.tipranks.com/investors/1028784,BABA
https://www.tipranks.com/investors/1028784,ETSY
https://www.tipranks.com/investors/1028784,SHOP
https://www.tipranks.com/investors/1028784,TWLO
https://www.tipranks.com/investors/1028784,COUP
https://www.tipranks.com/investors/1028784,CVNA
https://www.tipranks.com/investors/1028784,DOCU
https://www.tipranks.com/investors/1028784,TCNNF
https://www.tipranks.com/investors/1028784,ZM
https://www.tipranks.com/investors/1028784,CRWD
https://www.tipranks.com/investors/1028784,VRM
https://www.tipranks.com/investors/1028784,RKT
https://www.tipranks.com/investors/1262092,VVPR
https://www.tipranks.com/investors/1262092,ALAC
https://www.tipranks.com/investors/1262092,RSHN
https://www.tipranks.com/investors/705607,RIOT
https://www.tipranks.com/investors/705607,MARA
https://www.tipranks.com/investors/705607,SOS
https://www.tipranks.com/investors/705607,BTBT
https://www.tipranks.com/investors/705607,NIO
https://www.tipranks.com/investors/1166547,LCTX
https://www.tipranks.com/investors/1166547,ET
https://www.tipranks.com/investors/1166547,EPD
https://www.tipranks.com/investors/1166547,IMGN
https://www.tipranks.com/investors/1166547,TLYS
https://www.tipranks.com/investors/1166547,WPRT
https://www.tipranks.com/investors/1166547,SRNE
https://www.tipranks.com/investors/1166547,TXMD
https://www.tipranks.com/investors/1166547,ABEV
https://www.tipranks.com/investors/1166547,ATNM
https://www.tipranks.com/investors/1166547,SCYX
https://www.tipranks.com/investors/1166547,VRAY
https://www.tipranks.com/investors/1166547,VTVT
https://www.tipranks.com/investors/1166547,KDMN
https://www.tipranks.com/investors/1166547,OBSV
https://www.tipranks.com/investors/1166547,ALNA
https://www.tipranks.com/investors/1166547,VYNE
https://www.tipranks.com/investors/1166547,GNPX
https://www.tipranks.com/investors/1166547,KZR
https://www.tipranks.com/investors/1166547,AQST
https://www.tipranks.com/investors/1166547,ORTX
https://www.tipranks.com/investors/1166547,XCUR
https://www.tipranks.com/investors/1068225,AMD
https://www.tipranks.com/investors/1068225,DCI
https://www.tipranks.com/investors/1068225,FDX
https://www.tipranks.com/investors/1068225,AG
https://www.tipranks.com/investors/1068225,FSM
https://www.tipranks.com/investors/1068225,GIS
https://www.tipranks.com/investors/1068225,K
https://www.tipranks.com/investors/1068225,MRC
https://www.tipranks.com/investors/1068225,NUE
https://www.tipranks.com/investors/1068225,PAAS
https://www.tipranks.com/investors/1068225,PEP
https://www.tipranks.com/investors/1068225,WPM
https://www.tipranks.com/investors/1068225,VALE
https://www.tipranks.com/investors/1068225,VZ
https://www.tipranks.com/investors/1068225,WBA
https://www.tipranks.com/investors/1068225,AUY
https://www.tipranks.com/investors/1068225,OUNZ
https://www.tipranks.com/investors/1068225,SILJ
https://www.tipranks.com/investors/1068225,APHA
https://www.tipranks.com/investors/1068225,TLRY
https://www.tipranks.com/investors/1068225,DOW
https://www.tipranks.com/investors/1068225,BYND
https://www.tipranks.com/investors/1068225,CARR
https://www.tipranks.com/investors/825189,ACRX
https://www.tipranks.com/investors/825189,FUN
https://www.tipranks.com/investors/825189,ET
https://www.tipranks.com/investors/825189,EPD
https://www.tipranks.com/investors/825189,XSPA
https://www.tipranks.com/investors/825189,MPLX
https://www.tipranks.com/investors/825189,INPX
https://www.tipranks.com/investors/825189,DARE
https://www.tipranks.com/investors/825189,TYME
https://www.tipranks.com/investors/825189,BNGO
https://www.tipranks.com/investors/825189,HOFV
https://www.tipranks.com/investors/761539,T
https://www.tipranks.com/investors/761539,AXS
https://www.tipranks.com/investors/761539,LODE
https://www.tipranks.com/investors/761539,GEVO
https://www.tipranks.com/investors/761539,ORA
https://www.tipranks.com/investors/761539,ANIP
https://www.tipranks.com/investors/761539,BHVN
https://www.tipranks.com/investors/761539,GB:GSK
https://www.tipranks.com/investors/761539,KOD
https://www.tipranks.com/investors/761539,JBGS
https://www.tipranks.com/investors/761539,YAYO
https://www.tipranks.com/investors/761539,ELYS
https://www.tipranks.com/investors/761539,ZNTL
https://www.tipranks.com/investors/761539,MRVI
https://www.tipranks.com/investors/761539,DASH
