stock-moe-youtube-stock-profile,NIO
stock-moe-youtube-stock-profile,TSLA
stock-moe-youtube-stock-profile,AMZN
stock-moe-youtube-stock-profile,SBE
meet-kevin-paffrath-profile,SPG
meet-kevin-paffrath-profile,AAPL
meet-kevin-paffrath-profile,DIS
meet-kevin-paffrath-profile,JPM
meet-kevin-paffrath-profile,TGT
meet-kevin-paffrath-profile,AMZN
meet-kevin-paffrath-profile,TSLA
meet-kevin-paffrath-profile,PTON
george-perez-youtube-stock-profile,TSLA
george-perez-youtube-stock-profile,AMZN
george-perez-youtube-stock-profile,AAPL
george-perez-youtube-stock-profile,SHOP
george-perez-youtube-stock-profile,MSFT
george-perez-youtube-stock-profile,NIO
george-perez-youtube-stock-profile,WKHS
george-perez-youtube-stock-profile,BABA
profile-chris-sain-jr,SPHD
profile-chris-sain-jr,PSEC
profile-chris-sain-jr,T
profile-chris-sain-jr,AGNC
profile-chris-sain-jr,MAIN
profile-chris-sain-jr,IRM
profile-chris-sain-jr,WFC
profile-chris-sain-jr,TSLA
profile-chris-sain-jr,ABBV
profile-chris-sain-jr,XOM
lets-talk-money-with-joseph-hogue-cfa-profile,C
lets-talk-money-with-joseph-hogue-cfa-profile,FANG
lets-talk-money-with-joseph-hogue-cfa-profile,CVS
lets-talk-money-with-joseph-hogue-cfa-profile,EME
lets-talk-money-with-joseph-hogue-cfa-profile,ANTM
lets-talk-money-with-joseph-hogue-cfa-profile,LYFT
lets-talk-money-with-joseph-hogue-cfa-profile,FE
lets-talk-money-with-joseph-hogue-cfa-profile,DVN
jack-spencer-investing-stock-profile,AMZN
jack-spencer-investing-stock-profile,XPEV
jack-spencer-investing-stock-profile,FB
jack-spencer-investing-stock-profile,GOOG
jack-spencer-investing-stock-profile,SQ
jack-spencer-investing-stock-profile,AAPL
jack-spencer-investing-stock-profile,TSLA
jack-spencer-investing-stock-profile,WKHS
